slide	call_id	source_type	cache_source	project_copy	inspection	decision	replaces	notes
slide-01.png	exec-c7407c40-067a-4633-961a-a215c25574d1	image_gen	/Users/alex/.codex/generated_images/01a0f7c0-383d-71e0-ad5c-12c3a4a2c5b8/exec-c7407c40-067a-4633-961a-a215c25574d1.png	outputs/ia-slides/2026-10-02-introduction-et-idees-recues/slide-01.png	pass	acceptée		1672x941 ; titre et sous-titre exacts ; OCR et inspection originale pass
slide-04.png	exec-0cbe86ec-01b9-42c4-9554-57201f7cc3c5	image_gen_plus_authentic_photo	/Users/alex/.codex/generated_images/01a0f7c0-383d-71e0-ad5c-12c3a4a2c5b8/exec-0cbe86ec-01b9-42c4-9554-57201f7cc3c5.png	outputs/ia-slides/2026-10-02-introduction-et-idees-recues/slide-04.png	pass	acceptée		1672x941 ; base ImageGen puis photo-bertrand.jpg ajoutée sans retouche ; aucun courriel ; OCR pass
slide-07.png	exec-6de844d0-4b9e-4364-81a9-bedd14ca9e59	image_gen	/Users/alex/.codex/generated_images/01a0f7c0-383d-71e0-ad5c-12c3a4a2c5b8/exec-6de844d0-4b9e-4364-81a9-bedd14ca9e59.png	outputs/ia-slides/2026-10-02-introduction-et-idees-recues/slide-07.png	pass	acceptée		1672x941 ; quatre textes exacts ; deux scènes cohérentes ; OCR et inspection originale pass
slide-09.png	deterministic-pdf-pages-01-02	facsimile_pdf	outputs/ia-slides/2026-10-02-introduction-et-idees-recues/source-assets/6-cartes-idees-recues.pdf#pages=1-2	outputs/ia-slides/2026-10-02-introduction-et-idees-recues/slide-09.png	pass	acceptée		DEVIATION documentée ; pages rendues à 300 dpi ; aucun recadrage ; QR décodé vers https://ideance.net/blog/4602/idees-recues-a11y/#ice-post-title-0
slide-02.png	exec-bbd225fd-8cf2-418f-88e8-2300fad8b463	image_gen_plus_authentic_assets	/Users/alex/.codex/generated_images/01a0f7c0-383d-71e0-ad5c-12c3a4a2c5b8/exec-bbd225fd-8cf2-418f-88e8-2300fad8b463.png	outputs/ia-slides/2026-10-02-introduction-et-idees-recues/slide-02.png	pass	acceptée		1672x941 ; affiche, QR et URL authentiques ajoutés sans retouche ; QR décodé vers https://www.info.gouv.fr/accessibilite ; OCR pass
slide-03.png	exec-c51693a4-6721-4ad3-a43f-06ee644c1da5	image_gen_edit	/Users/alex/.codex/generated_images/01a0f7c0-383d-71e0-ad5c-12c3a4a2c5b8/exec-c51693a4-6721-4ad3-a43f-06ee644c1da5.png	outputs/ia-slides/2026-10-02-introduction-et-idees-recues/slide-03.png	pass	acceptée	exec-18bf8be9-cbce-4cdc-a301-136f5fd3052c.png	1672x941 ; correction locale de l'icône PDF rouge en bleu ; composition et textes préservés ; OCR pass
slide-05.png	exec-f8d712ec-f602-49dc-8d84-4025cf9d99f1	image_gen_plus_authentic_photo	/Users/alex/.codex/generated_images/01a0f7c0-383d-71e0-ad5c-12c3a4a2c5b8/exec-f8d712ec-f602-49dc-8d84-4025cf9d99f1.png	outputs/ia-slides/2026-10-02-introduction-et-idees-recues/slide-05.png	pass	acceptée		1672x941 ; base ImageGen puis photo-alexandra.jpg ajoutée sans retouche ; aucun courriel ; OCR pass
slide-06.png	exec-21bd0a22-6078-4578-9dd5-774ff17cf9ab	image_gen	/Users/alex/.codex/generated_images/01a0f7c0-383d-71e0-ad5c-12c3a4a2c5b8/exec-21bd0a22-6078-4578-9dd5-774ff17cf9ab.png	outputs/ia-slides/2026-10-02-introduction-et-idees-recues/slide-06.png	pass	acceptée		1672x941 ; trois questions exactes ; aucune réponse inventée ; OCR et inspection originale pass
slide-08.png	exec-bc6dd981-a077-4a4d-b139-7bc764060aa6	image_gen	/Users/alex/.codex/generated_images/01a0f7c0-383d-71e0-ad5c-12c3a4a2c5b8/exec-bc6dd981-a077-4a4d-b139-7bc764060aa6.png	outputs/ia-slides/2026-10-02-introduction-et-idees-recues/slide-08.png	pass	acceptée		1672x941 ; trois textes exacts ; aucune réponse révélée ; OCR et inspection originale pass
slide-10.png	deterministic-pdf-pages-03-04	facsimile_pdf	outputs/ia-slides/2026-10-02-introduction-et-idees-recues/source-assets/6-cartes-idees-recues.pdf#pages=3-4	outputs/ia-slides/2026-10-02-introduction-et-idees-recues/slide-10.png	pass	acceptée		DEVIATION documentée ; pages rendues à 300 dpi ; aucun recadrage ; QR décodé vers https://ideance.net/blog/4602/idees-recues-a11y/#ice-post-title-1
slide-11.png	deterministic-pdf-pages-05-06	facsimile_pdf	outputs/ia-slides/2026-10-02-introduction-et-idees-recues/source-assets/6-cartes-idees-recues.pdf#pages=5-6	outputs/ia-slides/2026-10-02-introduction-et-idees-recues/slide-11.png	pass	acceptée		DEVIATION documentée ; pages rendues à 300 dpi ; aucun recadrage ; QR décodé vers https://ideance.net/blog/4602/idees-recues-a11y/#ice-post-title-2
slide-12.png	deterministic-pdf-pages-07-08	facsimile_pdf	outputs/ia-slides/2026-10-02-introduction-et-idees-recues/source-assets/6-cartes-idees-recues.pdf#pages=7-8	outputs/ia-slides/2026-10-02-introduction-et-idees-recues/slide-12.png	pass	acceptée		DEVIATION documentée ; pages rendues à 300 dpi ; aucun recadrage ; QR décodé vers https://ideance.net/blog/4602/idees-recues-a11y/#ice-post-title-3
slide-13.png	deterministic-pdf-pages-09-10	facsimile_pdf	outputs/ia-slides/2026-10-02-introduction-et-idees-recues/source-assets/6-cartes-idees-recues.pdf#pages=9-10	outputs/ia-slides/2026-10-02-introduction-et-idees-recues/slide-13.png	pass	acceptée		DEVIATION documentée ; pages rendues à 300 dpi ; aucun recadrage ; QR décodé vers https://ideance.net/blog/4602/idees-recues-a11y/#ice-post-title-4
slide-14.png	deterministic-pdf-pages-11-12	facsimile_pdf	outputs/ia-slides/2026-10-02-introduction-et-idees-recues/source-assets/6-cartes-idees-recues.pdf#pages=11-12	outputs/ia-slides/2026-10-02-introduction-et-idees-recues/slide-14.png	pass	acceptée		DEVIATION documentée ; pages rendues à 300 dpi ; aucun recadrage ; QR décodé vers https://ideance.net/blog/4602/idees-recues-a11y/#ice-post-title-5
