slide	call_id	cache_source	project_copy	inspection	decision	replaces	notes
slide-01		v4/assets/slides/slide-01.png	assets/slides/slide-01.png	pass	acceptée		visuel V4 conservé
slide-02		v4/assets/slides/slide-02.png	assets/slides/slide-02.png	pass	acceptée		visuel V4 conservé
slide-03		v4/assets/slides/slide-03.png	assets/slides/slide-03.png	pass	acceptée		visuel V4 conservé
slide-04		v4/assets/slides/slide-04.png	assets/slides/slide-04.png	pass	acceptée		visuel V4 conservé
slide-05		v4/assets/slides/slide-05.png	assets/slides/slide-05.png	pass	acceptée		visuel V4 conservé
slide-06		v4/assets/slides/slide-06.png	assets/slides/slide-06.png	pass	acceptée		visuel V4 conservé
slide-07		v4/assets/slides/slide-07.png	assets/slides/slide-07.png	pass	acceptée		visuel V4 conservé
slide-08		v4/assets/slides/slide-08.png	assets/slides/slide-08.png	pass	acceptée		visuel V4 conservé
slide-09		v4/assets/slides/slide-09.png	assets/slides/slide-09.png	pass	acceptée		visuel V4 conservé
slide-10		v4/assets/slides/slide-10.png	assets/slides/slide-10.png	pass	acceptée		visuel V4 conservé
slide-11		v4/assets/slides/slide-11.png	assets/slides/slide-11.png	pass	acceptée		visuel V4 conservé
slide-12		v4/assets/slides/slide-12.png	assets/slides/slide-12.png	pass	acceptée		visuel V4 conservé
slide-13		v4/assets/slides/slide-13.png	assets/slides/slide-13.png	pass	acceptée		visuel V4 conservé
slide-14		v4/assets/slides/slide-14.png	assets/slides/slide-14.png	pass	acceptée		visuel V4 conservé
slide-15		v4/assets/slides/slide-15.png	assets/slides/slide-15.png	pass	acceptée		visuel V4 conservé
slide-16		v4/assets/slides/slide-16.png	assets/slides/slide-16.png	pass	acceptée		visuel V4 conservé
slide-17		v4/assets/slides/slide-17.png	assets/slides/slide-17.png	pass	acceptée		visuel V4 conservé
slide-18		v4/assets/slides/slide-18.png	assets/slides/slide-18.png	pass	acceptée		visuel V4 conservé
slide-19		v4/assets/slides/slide-19.png	assets/slides/slide-19.png	pass	acceptée		visuel V4 conservé
slide-20		v4/assets/slides/slide-20.png	assets/slides/slide-20.png	pass	acceptée		visuel V4 conservé
slide-21		v4/assets/slides/slide-21.png	assets/slides/slide-21.png	pass	acceptée		visuel V4 conservé
slide-22		v4/assets/slides/slide-22.png	assets/slides/slide-22.png	pass	acceptée		visuel V4 conservé
slide-23	exec-a83a5581-1f3c-481b-91c6-c98abf460eb4	$CODEX_HOME/generated_images/.../exec-a83a5581-1f3c-481b-91c6-c98abf460eb4.png	assets/slides/slide-23.png	pass	acceptée		texte et composition inspectés
slide-24	exec-6d7d02d9-7d63-44fd-931b-8db1c544f89b	$CODEX_HOME/generated_images/.../exec-6d7d02d9-7d63-44fd-931b-8db1c544f89b.png	assets/slides/slide-24.png	pass	acceptée		texte et composition inspectés
slide-25	exec-51dbaa41-adf9-4a47-9f93-fe6ef9bfdc02	$CODEX_HOME/generated_images/.../exec-51dbaa41-adf9-4a47-9f93-fe6ef9bfdc02.png	assets/slides/slide-25.png	pass	acceptée		texte et composition inspectés
slide-26	exec-54b5f723-3cd3-4186-86c4-629d30ad9af7	$CODEX_HOME/generated_images/.../exec-54b5f723-3cd3-4186-86c4-629d30ad9af7.png	assets/slides/slide-26.png	pass	acceptée		texte et composition inspectés
slide-27	exec-317ffa46-b0fe-40d7-a515-3fb558611d1b	$CODEX_HOME/generated_images/.../exec-317ffa46-b0fe-40d7-a515-3fb558611d1b.png	assets/slides/slide-27.png	pass	acceptée		texte et composition inspectés
slide-28	exec-b0bf7a29-3b02-4970-8e55-2659dda3e50e	$CODEX_HOME/generated_images/.../exec-b0bf7a29-3b02-4970-8e55-2659dda3e50e.png	assets/slides/slide-28.png	pass	acceptée		texte et composition inspectés
slide-29	exec-9dfd6aec-9898-4d43-be6e-92b156f06ee4	$CODEX_HOME/generated_images/.../exec-9dfd6aec-9898-4d43-be6e-92b156f06ee4.png	assets/slides/slide-29.png	pass	acceptée		texte et composition inspectés
slide-30	exec-e0690e6c-33e1-4531-bcbe-c2c8c349db48	$CODEX_HOME/generated_images/.../exec-e0690e6c-33e1-4531-bcbe-c2c8c349db48.png	assets/slides/slide-30.png	pass	acceptée		texte et composition inspectés
slide-31	exec-65c3e8f5-f8e4-4ba1-b887-60648dc3a9e5	$CODEX_HOME/generated_images/.../exec-65c3e8f5-f8e4-4ba1-b887-60648dc3a9e5.png	assets/slides/slide-31.png	pass	acceptée		texte et composition inspectés
slide-32	exec-6ed10d58-714e-4937-9289-68f7ab467210	$CODEX_HOME/generated_images/.../exec-6ed10d58-714e-4937-9289-68f7ab467210.png	assets/slides/slide-32.png	pass	acceptée		texte et composition inspectés
slide-33	exec-76819350-10f4-45b1-a440-11d0810fd006	$CODEX_HOME/generated_images/.../exec-76819350-10f4-45b1-a440-11d0810fd006.png	assets/slides/slide-33.png	pass	acceptée		texte et composition inspectés
slide-34	exec-e01c326f-52f1-4d65-bae6-7c1f869ba1c0	$CODEX_HOME/generated_images/.../exec-e01c326f-52f1-4d65-bae6-7c1f869ba1c0.png	assets/slides/slide-34.png	pass	acceptée		texte et composition inspectés
slide-35	exec-902679c6-6e5f-4600-8ee4-85bbbb2479bd	$CODEX_HOME/generated_images/.../exec-902679c6-6e5f-4600-8ee4-85bbbb2479bd.png	assets/slides/slide-35.png	pass	acceptée		texte et composition inspectés
slide-36	exec-20df9a80-f701-465c-a3e3-1f6828ad6c77	$CODEX_HOME/generated_images/.../exec-20df9a80-f701-465c-a3e3-1f6828ad6c77.png	assets/slides/slide-36.png	pass	acceptée		texte et composition inspectés
slide-37	exec-1cdf8de8-e89d-4cca-859c-13f2b40213f5	$CODEX_HOME/generated_images/.../exec-1cdf8de8-e89d-4cca-859c-13f2b40213f5.png	assets/slides/slide-37.png	pass	acceptée		texte et composition inspectés
slide-38	exec-7dfb87d7-44be-4cfc-b69d-8a5bb1ce794b	$CODEX_HOME/generated_images/.../exec-7dfb87d7-44be-4cfc-b69d-8a5bb1ce794b.png	assets/slides/slide-38.png	pass	acceptée		texte et composition inspectés
slide-39	exec-4bd3883c-07d9-49ef-9607-b55cc2d1daab	$CODEX_HOME/generated_images/.../exec-4bd3883c-07d9-49ef-9607-b55cc2d1daab.png	assets/slides/slide-39.png	pass	acceptée		texte et composition inspectés
slide-40	exec-19fe7733-3176-4f78-902e-2f306dbb880d	$CODEX_HOME/generated_images/.../exec-19fe7733-3176-4f78-902e-2f306dbb880d.png	assets/slides/slide-40.png	pass	acceptée		texte et composition inspectés
slide-41	exec-9689c67e-70f6-4b84-b38b-d6a44c37791b	$CODEX_HOME/generated_images/.../exec-9689c67e-70f6-4b84-b38b-d6a44c37791b.png	assets/slides/slide-41.png	pass	acceptée		texte et composition inspectés
slide-42	exec-2061ab23-cfb4-420f-be58-2c72c984368c	$CODEX_HOME/generated_images/.../exec-2061ab23-cfb4-420f-be58-2c72c984368c.png	assets/slides/slide-42.png	pass	acceptée		texte et composition inspectés
slide-43	exec-294bbfe0-0d44-4c30-8a66-1608599e09e2	$CODEX_HOME/generated_images/.../exec-294bbfe0-0d44-4c30-8a66-1608599e09e2.png	assets/slides/slide-43.png	pass	acceptée		texte et composition inspectés
slide-44	exec-d0890630-7233-4aa1-b8c8-124daf918ab1	$CODEX_HOME/generated_images/.../exec-d0890630-7233-4aa1-b8c8-124daf918ab1.png	assets/slides/slide-44.png	pass	acceptée		texte et composition inspectés
slide-45	exec-f6f4d34e-a707-43d3-8161-4529ee33d97e	$CODEX_HOME/generated_images/.../exec-f6f4d34e-a707-43d3-8161-4529ee33d97e.png	assets/slides/slide-45.png	pass	acceptée		texte et composition inspectés
slide-46	exec-b5f8d40f-d5e6-47e0-a7af-ed005f6a09c6	$CODEX_HOME/generated_images/.../exec-b5f8d40f-d5e6-47e0-a7af-ed005f6a09c6.png	assets/slides/slide-46.png	pass	remplacée	exec-5d716f45-a01a-4f5a-9163-4918119c40d9.png	correction sémantique après contrôle visuel
slide-47	exec-0852bda6-2aba-47a3-b82c-23008a2e0a31	$CODEX_HOME/generated_images/.../exec-0852bda6-2aba-47a3-b82c-23008a2e0a31.png	assets/slides/slide-47.png	pass	remplacée	exec-4b2d59f1-457c-4864-a66c-2445f5ea6baf.png	correction sémantique après contrôle visuel
slide-48	exec-5f1b31e5-3f20-4696-a79f-c46cff7cdf00	$CODEX_HOME/generated_images/.../exec-5f1b31e5-3f20-4696-a79f-c46cff7cdf00.png	assets/slides/slide-48.png	pass	acceptée		texte et composition inspectés
slide-49	exec-ca5da745-5dfc-41f0-85db-d2e166250646	$CODEX_HOME/generated_images/.../exec-ca5da745-5dfc-41f0-85db-d2e166250646.png	assets/slides/slide-49.png	pass	acceptée		texte et composition inspectés
slide-50	exec-dd59c2a7-53e7-4370-801b-36fbf577d0e4	$CODEX_HOME/generated_images/.../exec-dd59c2a7-53e7-4370-801b-36fbf577d0e4.png	assets/slides/slide-50.png	pass	acceptée		texte et composition inspectés
slide-51	exec-74715070-9779-43c7-8ba0-ca8279d270bc	$CODEX_HOME/generated_images/.../exec-74715070-9779-43c7-8ba0-ca8279d270bc.png	assets/slides/slide-51.png	pass	acceptée		texte et composition inspectés
slide-52	exec-42a09d3e-476e-445f-8991-e7e5da325647	$CODEX_HOME/generated_images/.../exec-42a09d3e-476e-445f-8991-e7e5da325647.png	assets/slides/slide-52.png	pass	acceptée		texte et composition inspectés
slide-53	exec-4370a574-fe60-47aa-9f30-56c6353be2d4	$CODEX_HOME/generated_images/.../exec-4370a574-fe60-47aa-9f30-56c6353be2d4.png	assets/slides/slide-53.png	pass	acceptée		texte et composition inspectés
slide-54	exec-091dd8d8-e8e4-4c94-b2a6-314ce2ff20f6	$CODEX_HOME/generated_images/.../exec-091dd8d8-e8e4-4c94-b2a6-314ce2ff20f6.png	assets/slides/slide-54.png	pass	acceptée		texte et composition inspectés
slide-55	exec-a2885565-5022-4abc-9e24-6fbdd4ce07a2	$CODEX_HOME/generated_images/.../exec-a2885565-5022-4abc-9e24-6fbdd4ce07a2.png	assets/slides/slide-55.png	pass	acceptée		texte et composition inspectés
