slide	dimensions	sha256_imagegen	sha256_publiee	prompt_retenu	inspection	note
slide-01.png	1672x941	3228b85c86b23f475deb7e072c5a86177837e6dbe1aa21eb281c60f58a5abbf7	7e15bd9ec56030bdf571695daeb5a02edef37a6ad54c42a3aeaea137e54cf5ff	prompts/slide-01.md	visuelle	""
slide-02.png	1672x941	c2759f2ec58581538c59fd0856dbf4146c5a60430f4511b82567f6568dcaff76	fe766bb919a71d7f884eda134fcf333be08bee9b82eed0bcaf980538732065f4	prompts/slide-02.md	visuelle	""
slide-03.png	1672x941	17e30f6528b51e5787cf0629a2f698093284bebbd5071fb7c55e06009cc0cf42	796208181bc6955664a2e560507a008fa5f09c6269fd6cee6a70ee0c115e89b4	prompts/slide-03-fond.md	visuelle	Fond ImageGen et insertion déterministe des deux PNG sources intacts.
slide-04.png	1672x941	873963075400aeee9f96a0fa43109be28c887d9536e9553d4d6fecd3f8876440	562d21af85afa661961e031aaabc8add33097e9bdca45a7c3915dd3c9737b332	prompts/slide-04-reprise.md	visuelle	Reprise : les différences de styles et de description sont visibles.
slide-05.png	1672x941	eb46e82e24d20b5ac4a1dfa5dd393b6f563edd51e5c7d5666b17cc43e2246ea8	e4cf277a24b5fa07666f9c7df5c6171e8928c41123d249d6283ee1635bec2acd	prompts/slide-05.md	visuelle	Pictogramme W ajouté dans l'interface simulée.
slide-06.png	1672x941	0b17a2a4de1b436d70cc1b41e2755923b1891aa1b93cf6df184262127ed78019	05d3e4b9669bfd213eb764a99e751bab0dd219d01dfc41047391af41f53f93ca	prompts/slide-06.md	visuelle	Pictogrammes de formats W et PDF ajoutés.
slide-07.png	1672x941	37d882348ff436d34a0b7f754bdb8481237e1cf3ea4ab8bc7850d37717cc9b13	d67088dc86eac2ae8ddd4e6f6738f6e441b44679fe9fec296173ab488c927f55	prompts/slide-07.md	visuelle	""
slide-08.png	1672x941	0ed4514b5a4db7c79d8c81697da0b74c89a08c20937d5ca19d312f050fd745d8	316acf0062ed4723ce2a7be7da1f2f6f7307a7a7f711e5c4dce5a558df799def	prompts/slide-08.md	visuelle	""
slide-09.png	1672x941	ee4c9bae8c927efb1d76fa4afadd232906cc476edb9a4cb7f748158de0b8cdb1	84162c485f66f05660c1089ccba8ac142a15ca3323a0288ec370752b4c6da560	prompts/slide-09.md	visuelle	""
slide-10.png	1672x941	7af1423657b717cddf3a7490b8d2815950b4f9b063e974d6d9a179f3ad092576	6a92098ba71eccdf8217d45c8f340bff94e279c8af82ebe683424f91813ef651	prompts/slide-10.md	visuelle	""
slide-11.png	1672x941	2a964f397b4601caf6f99fdd163625d109754610c220d14e16b6f72d487d8376	0e8beebbbea4ccca6dbf4bd7cbc949a1f695252b9604c05f90c6220395c4d25c	prompts/slide-11.md	visuelle	""
slide-12.png	1672x941	88b980ec14b645eaabb892c95ede8f77284d074d9422da829b69568c27107e5b	f524716ee3bd4f009b2f6b5c6509f686e35c83ce5e72b2e0c9ed3f08fc91b980	prompts/slide-12.md	visuelle	""
slide-13.png	1672x941	f564d0f7d2478df6ee19f927f84b3cd34a4db8abb268a8e9d293553e1dbd65fb	78986cc442da80be2b3d78f96d8924e4a27cf4ed381a9286b53ef72080913e02	prompts/slide-13.md	visuelle	""
slide-14.png	1672x941	21ca3bad021b2f8d78a1d38b573bd006ef7961b98c286b573cbbe664f9322981	d58852b1517d10b5011f26add5244be0acb70d1948c821c485010287e0d5b234	prompts/slide-14.md	visuelle	""
slide-15.png	1672x941	fc9442aac53a9749dd6b4fc63f404baeebce4e6018e956c0d11b525e453c0142	f57e49728c291aad93651fa6c989c7b6fd18ceab4a0312dd34173dcfb492d59a	prompts/slide-15.md	visuelle	""
slide-16.png	1672x941	a5b2c15eee9704cf210f809ca1f3ea30669becff039b342be2080c3d9c63553f	c2203e9236751709b838aff9f41f97f942f03827322bf19b4c3d6c0d3353fc57	prompts/slide-16.md	visuelle	""
slide-17.png	1672x941	99c8ddbba6d08b4c10a756da794e01f9b63bb4dbb115ae169300aa2a57bbd139	8a40da043bebdba716b2877df619ce6549939d4ff41b1a6a5b6646e23e08bda6	prompts/slide-17.md	visuelle	""
slide-18.png	1672x941	160eee25b786dacf9f1019e4cace9a67200adf9d891f6ae4a9942fe5b67d5a69	85b16a77bfd9dd7de74e4fbb40dea2f2533aa4cb1e1b42745e27ea29197d95d0	prompts/slide-18.md	visuelle	""
slide-19.png	1672x941	9dbcfa329f789febdf997d3ba54ff214d843a0f1155674d525181896724c5ba0	e1c114198bb39cde4f4b6c9f3c96ce2044653c8d5c682752e2d2fc604082682a	prompts/slide-19.md	visuelle	""
slide-20.png	1672x941	1ef91b9d2f68f4a49dccbf3f11be5830bd71bb79ad0d971695b444a8154866ad	b237bdac43d235e02e2ecbf143278f553b74163c43e60ec326325655023ded7f	prompts/slide-20-reprise.md	visuelle	Reprise : source accentuée, casse et développement représentés.
slide-21.png	1672x941	92ea3357a0053f7cf275eb603508ff866c93cee93ebfcd25aba89687a9b56138	bfbac62347e06c6974dd683e60747fcaff9c2da529c1962dc37c5fa12b69d40e	prompts/slide-21.md	visuelle	Pictogrammes de formats W et PDF ajoutés.
slide-22.png	1672x941	aca89996bae0838d4fc7be8c5d8efacca448935acbc4961255424482d0357162	038eab5fcb085bc73214a6ae287519e00d4a1ff819dbb82eff3df28c018d59d1	prompts/slide-22.md	visuelle	Pictogrammes W ajoutés.
slide-23.png	1672x941	28b72cc4e875cdf30c5a559684ab4b49db1ce0a9d90934eddd65376813aff3ae	1100ce11e18c8c6e016b18d1eed7d0aa7e44aa95e939d60aa0c9c80bf6632486	prompts/slide-23.md	visuelle	Pictogrammes de formats W et PDF ajoutés.
slide-24.png	1672x941	fc9ad9f9147bc64d4f56fd234e675732402b7b9b5f8eedf3c9c59c2f6d4e0f19	5ace6eb07a0ad46d996d89a199096db08168fab44a54ccbcdc74fdf1fae43c62	prompts/slide-24-reprise.md	visuelle	Étalon accepté : cases vides et onze codes relus.
slide-25.png	1672x941	418a8ff9a1a40429c798f1d874ef6bb8e6f7a9c22020999d213b75a5c46208a1	1795f205e6b9dc0628748865051b7274a6fdfd0fbf236d82adc29b823b92bbc1	prompts/slide-25.md	visuelle	""
slide-26.png	1672x941	e75bb0e80dfaaf8094c46c736dd6e0d4a45d155d5e6dc3c9207f90e11f14de17	e6ba27dd1771112c43b18010f87c177f16b923de0f0ce3f0ed0e993d304cff51	prompts/slide-26.md	visuelle	""
slide-27.png	1672x941	08dad8624da5b6b08271b4bde362b12be7af09ef4f11c0f20930d2732393f3af	d7b818209626d16743c602cd245c3835228f3f085e8498b7894eef1e234f2fa8	prompts/slide-27.md	visuelle	""
