numero	identifiant_source	empreinte_png_source_sha256	empreinte_png_publie_sha256
1	slide-01-clic-aveugle	c49690b9281f1a7eb4b30b0955ce630d2659bbcae6c78efee00d1dcf964089c2	93e3558151e2e46126c6dd48c317bf1212ba4b3ca60a0e8322c829100e553eac
2	slide-02-je-le-vois	800e2a07a2163e58178c8aee8d00deb729fa0d146b0ec7c457fea77d94b298ab	743dfcceb60d5419ecec9f47f99b53cc3d79fa6e4f745dd880ede0281a720c90
3	slide-03-ou-il-mene	4c1e2992309f950e5876215ed9d76ab479345f33763deb5787cd19090ac4f958	62afb7fc291d68ad396cafd051ffb693cff5d921537fd4231fd1d48ce06393c6
4	slide-04-declenchement-lien	e1d199235d7dcda50b31813b3d1c27dfdda7b750a1aa45364cb39c9badb011a0	de26f56c31cc4c9dd3be6a47621336c6d840f1711ed6b92a895eff7f633aa4f7
5	slide-05-telecharger-sans-surprise	780740aef01a41fa69edb24d584135e094a138ed21aedf018048fc9e66c21f5c	30296ce61d457e386ae4caa14bf3ea0c5f012ed9ffea132905a3846e552079f8
6	slide-06-lien-promesse	49eee54c630e79bc8d1668e1033837d9e56d1b3b1217b514afb008a18e62ad04	d69893eb50ea3882f33af01d020d42b545ef2e680264ecdec46e52b92297cc10
7	slide-07-deux-couches	acae8620403457ed776ed6cca63b1348450abe62ee6de0e1853b799645a3caee	8f4521918b43122677ee377582885c0b97911aff766314aca609fe35222c7add
8	slide-08-pdf-texte-reel	9b404d3f6f64f27c298d49917eceb5a9f6270a891983641c4c28b4ebe9a3a3f7	1f0d1e8319ca4ac08a218ec5ffe949759dae105e1d7cb4136ec22a9e34498e65
9	slide-09-pdf-structure	6b62296f9bc640c731497829b0e9ff0991740bc8ecb061b53ec40ad635c574c0	83591ca58e87d46debb6f10b5b8dfffd064f706d66a7407b1ccb4b1d0edd4c5c
10	slide-10-limite-pdf	151ca645815ac7a961ab23f34bb6445d122366066b5634694bf0bfd222c6ea69	478e09855a3afb38807ee3eb5caa925f5f95ca23f83ab68883209de322738609
11	slide-11-maitrise	1ff51e3943fb083057e26aa09676cb01182556f98dceddc522990a30357ebfe8	e699d9165e41186777c6d55296d1a6e8c353d015cc95da808512c3d9b586cc82
12	annexe-a1-liens-136-143	1f4c50ad85c69fac361ec83ac54a082f8af4afe8e9739853eaa4a2131f2a0244	1a9c2cb0d0791a154e78086cb7d85efade3a3fd7bd09fcbe13379df9252530ec
13	annexe-a2-liens-144-152	446349467aaa142376248632c0cc0ff7d3a7310cbd30ac67f78a59c360a2a6b5	269718eb7091e94f5f3443f40f3493e436e327c7098dd95d011e65343f7a46e8
14	annexe-a3-liens-transversaux-donnees-images	f4b5e61f6ee65d07c3be1e0b58af6b040b7757f2a0def7b93fe1815c7f239f16	5b896b3d92a1759925fd1efa75b85272b1881dc04da6da267242e2eb1b4d1d4e
15	annexe-a4-internationalisation	38f867d0b020d53d74c0da873d961faa227da53f03f93075d0d7c40043113dd0	319ca286b3bbeb5b108ff56d079d4982336d88122626715ca8bc0fb6bd32e64b
16	annexe-a5-navigation-newsletter-serveur	5f6d8a80d9013e4cb3a30432917ad06baaa27dcc40696a44dd10ed7ac65b6cf2	2803889346cc9c0f7c9af80f826875717ace3dd9db9d7e59fbdb1bb5e0428bd2
17	annexe-a6-glossaire-liens	93780fb43465593d5410efdc37f2663312fd8589ae02f5ae1921d00823da8d97	61bbb7c411c3b8f498e678cd6f6695692c193c6d9c4f59112936ea1555376fd0
18	annexe-a7-glossaire-url-pdf	0779bc8c4c7bd6c1fcc11a6750c39b8327773caa1f821fa449ddfab7711c12c2	80f24f8209f2c782e8ffd12deffed720cf491741c5df9a9c195669379a1af802
19	annexe-a8-limites-pdf	6efd6eddcf8d1bb880fa6e958842cd2220826b7e6eb1ba03bd579895a5d91831	d2243c8c77e81bb74065f3bde7059527676a6e88da8cd8ab9baeae439a1fd600
20	annexe-a9-choisir-format	9cd1b766258cf4481fddc7a77fb3abda3fce755967e7b561208fe542507d2b2a	819e6fbc07536731a51dfe1b4f8746f02483add610c4666f6063e3bbde28e5a7
