slide	illustration_source	illustration_sha256	final_png	final_sha256	methode
01	source/illustrations/slide-01.png	8822654ce1c7971742d2e0f27911f1eba343d3ebded56fb243f7d8888958c156	assets/slides/slide-01.png	9a0278e8b123d22d5092976cf4a27b02ebe3def34c0a7382181c0dd4825416e3	ImageGen + composition contrôlée
02	source/illustrations/slide-02.png	faf7152fab535134b8ebddf9b145ab9411f699bac55f1dc9aa284f6892868c50	assets/slides/slide-02.png	c3a93de0234282f148ad2375b1b995a45f64b474f315b4b466ecb7c0c67d7588	ImageGen + composition contrôlée
03	source/illustrations/slide-03.png	59fa1d31e396ec74e6b14cc52cdadc61ec6d08bfe5f7f4d59437482c3039123e	assets/slides/slide-03.png	30c143ee6d8bfb13f3580617b383701c864e3bf29996cb1368d53cea5795dfc0	ImageGen + composition contrôlée
04	source/illustrations/slide-04.png	fdec2e4fa0f90782b971365f72eb5fb6895fc1e5680d398c9460b5e7235f4c60	assets/slides/slide-04.png	dee56bcd65a62bd0419fbba32e52f39d02a5d56135ec2e509efa097d6a010033	ImageGen + composition contrôlée
05	source/illustrations/slide-05.png	9c96817915aa767841bea0ffe51cc36d82396a944cc5950a664fc05bf4b90d00	assets/slides/slide-05.png	f36a3adb06de8ee3fbb290d28f329a360c056d8a63de92de9c3a9dba16af6ba8	ImageGen + composition contrôlée
06	source/illustrations/slide-06.png	1886e904a399188ba7579ad3cf13ddb5bea0881d8fcd1f6597c5699d0eea5548	assets/slides/slide-06.png	2343cdb9f4ba046fcc9173322a3f35bf1a165fd5680093142813fc49544bc421	ImageGen + composition contrôlée
07	source/illustrations/slide-07.png	5af471888328d6c530260c3ad64852859070b39223a94a41cabca586e4aa7ba5	assets/slides/slide-07.png	df423773d109956dbb818bb6ae6d5075d799d89ff759c1f7cfba6df3d015fd1a	ImageGen + composition contrôlée
08	source/illustrations/slide-08.png	b5c43b0868aedc2c92f5e2522387362cf24c2fc126ae8026e665554fe043a92d	assets/slides/slide-08.png	c393f2c4d8e25b5df2fab95c9e258978bcb65aed827693694a3d248bdae5acbb	ImageGen + composition contrôlée
09	source/illustrations/slide-09.png	fc83706e694c12cf634a653550e0500461a89f094f1d43d5367485835d1625f9	assets/slides/slide-09.png	a8671b6a20ddbb312c5dabaad1f3586f1385a888a522c752671df7865d0570e7	ImageGen + composition contrôlée
10	source/illustrations/slide-10.png	a5aa3d00000c873bac1025c7e3b07e76b098c9e889c17f1514e2d74e653ffb03	assets/slides/slide-10.png	b0855b3f7f1b3dc01bd1cf6e73a278f0c0b1feaed53fd45b6d06f107ddddfc6d	ImageGen + composition contrôlée
11	source/illustrations/slide-11.png	2f01b3e553ed9a59c4a1704f130bbd279989946ffefd2b91e6812cca40850f01	assets/slides/slide-11.png	0ae3a72bcb9d519e4e09156d1fe44fdbfe2d7ca53b83dcf563e9c067314b9a16	ImageGen + composition contrôlée
12	source/illustrations/slide-12.png	a4774413a90712fcaa376cfc9163eb0479ee1a50a0d8890ca21213262f5abc3f	assets/slides/slide-12.png	17240d28eb1071a371b95264061bf63a360a51ddd28e41d997c109f8cec910da	ImageGen + composition contrôlée
13	source/illustrations/slide-13.png	536817dc766cbdab1b3e8ef2f560ec36541a3ba01764409b537fc65553edeff9	assets/slides/slide-13.png	c8c727ca5171d8d702f5445818de9459e9edb333916df6ef85b5c19e3db466ca	ImageGen + composition contrôlée
14	source/illustrations/slide-14.png	5ae6c8345a58cbda7573cf1ccf223cf190b63ce333cd340966afc19d517c2682	assets/slides/slide-14.png	62fdd7e2a5fb26ad660f4d92115abbb1f69453b4d4bdf8b39e08dde129ab8ae3	ImageGen + composition contrôlée
15	source/illustrations/slide-15.png	f24740b0fa913ee744f4c73a65c1a71b93abd17fbf577af3db2a2944ac62cc69	assets/slides/slide-15.png	6398ce8b42b53cfcf44b0c4cbea8640fc84f61a3cce3c70073e33470d285c92c	ImageGen + composition contrôlée
16	-	-	assets/slides/slide-16.png	3384212b34d3f1150f8b1432100bd46c2428cdb3e447b2b8cb718616ab33ac85	Composition contrôlée
