slide	call_id	cache_source	project_copy	cache_sha256	prompt	inspection	decision	notes
13	exec-b216227d-0169-42ea-9b8d-2add5d13d9cf	/Users/alex/.codex/generated_images/01a0e773-8697-7aa3-8650-453666097a55/exec-b216227d-0169-42ea-9b8d-2add5d13d9cf.png	assets/slides/slide-13.png	0dcad7d39ae4deaf278a61ca81125ace741d50e31565dda8315b139c0c5ce443	source/prompts/slide-13.md	original et OCR	accept	Correction de couverture : la règle 119 n'est pas revendiquée.
14	exec-d7f0f300-d6a7-41a0-bfcd-67052cadd0b5	/Users/alex/.codex/generated_images/01a0e773-8697-7aa3-8650-453666097a55/exec-d7f0f300-d6a7-41a0-bfcd-67052cadd0b5.png	assets/slides/slide-14.png	43d4eead89572c15fb8345ec30bc43bd5366b7b454d95650c410a3b45169d796	source/prompts/slide-14.md	original et OCR	accept	Correction ImageGen : libellés de règles explicités.
15	exec-be3e7742-ec2f-4719-8e3d-cc2f9d0e607e	/Users/alex/.codex/generated_images/01a0e773-8697-7aa3-8650-453666097a55/exec-be3e7742-ec2f-4719-8e3d-cc2f9d0e607e.png	assets/slides/slide-15.png	d76bd27a4d57eae16de4bed880d46bd547d788cea44e3220cb68967457aaefc2	source/prompts/slide-15.md	original et OCR	accept	Correction ImageGen : libellés de règles explicités.
16	exec-df609983-a47a-49e8-857d-6c056edb6963	/Users/alex/.codex/generated_images/01a0e773-8697-7aa3-8650-453666097a55/exec-df609983-a47a-49e8-857d-6c056edb6963.png	assets/slides/slide-16.png	7119ffb759aa63f63ca61bb0d1c62c7e28b31ffbbbe3b3f2a08b1a5a440c840b	source/prompts/slide-16.md	original et OCR	accept	Correction ImageGen : libellés de règles explicités.
17	exec-2346af89-b1a7-4dae-b462-1ad33baa820e	/Users/alex/.codex/generated_images/01a0e773-8697-7aa3-8650-453666097a55/exec-2346af89-b1a7-4dae-b462-1ad33baa820e.png	assets/slides/slide-17.png	ce7b3d72c142c9de65d52eb244d14942e446880ef5893c3424bd66e955cdbfd3	source/prompts/slide-17.md	original et OCR	accept	Correction ImageGen : libellés de règles explicités.
18	exec-0fdd90d5-be9f-47fe-b311-8ee48f3af25e	/Users/alex/.codex/generated_images/01a0e773-8697-7aa3-8650-453666097a55/exec-0fdd90d5-be9f-47fe-b311-8ee48f3af25e.png	assets/slides/slide-18.png	51903f46088eb0575ad3a2d8a9bc39af4e22e05e7a11077ca90d824eea73479c	source/prompts/slide-18.md	original et OCR	accept	Correction ImageGen : libellés de règles explicités.
19	exec-899cc36f-d211-41e9-8632-fbc7639b1772	/Users/alex/.codex/generated_images/01a0e773-8697-7aa3-8650-453666097a55/exec-899cc36f-d211-41e9-8632-fbc7639b1772.png	assets/slides/slide-19.png	04ec4236ab27f0f690ab6e1922ad9ec11db021a980dac77ff87a9a313a69a83e	source/prompts/slide-19.md	original et OCR	accept	Correction ImageGen : libellés de règles explicités.
20	exec-ddf4a296-ec3e-4d2e-b438-c095aa23e193	/Users/alex/.codex/generated_images/01a0e773-8697-7aa3-8650-453666097a55/exec-ddf4a296-ec3e-4d2e-b438-c095aa23e193.png	assets/slides/slide-20.png	bd02ef19a456f7940c7bb3400357a580764e1f6ab9cb5fcd867aee516b852862	source/prompts/slide-20.md	original et OCR	accept	Correction ImageGen : libellés de règles explicités.
21	exec-a7932465-5fb7-4462-aa0f-c703154edbdc	/Users/alex/.codex/generated_images/01a0e773-8697-7aa3-8650-453666097a55/exec-a7932465-5fb7-4462-aa0f-c703154edbdc.png	assets/slides/slide-21.png	c38d40cefc2dfb1b911a8089c3fb4643ec20e027879a69aac9aea4fb66440d94	source/prompts/slide-21.md	original et OCR	accept	Correction ImageGen : libellés de règles explicités.
22	exec-484670a7-18cb-4fb7-83cb-01546464e2c9	/Users/alex/.codex/generated_images/01a0e773-8697-7aa3-8650-453666097a55/exec-484670a7-18cb-4fb7-83cb-01546464e2c9.png	assets/slides/slide-22.png	be0f28a91cf2a24a0f981908869c7d87959765ac455b9481736a65b7c35d5925	source/prompts/slide-22.md	original et OCR	accept	Correction ImageGen : portée exacte des règles 6 et 231 sur les dates.
23	exec-aa113af1-5232-4136-8cdf-d2094bfe9019	/Users/alex/.codex/generated_images/01a0e773-8697-7aa3-8650-453666097a55/exec-aa113af1-5232-4136-8cdf-d2094bfe9019.png	assets/slides/slide-23.png	f6928e73d5199cf96a073d1b9661191b3e001f948e5802de88ce72846117501d	source/prompts/slide-23.md	original et OCR	accept	Correction ImageGen : libellés de règles explicités.
24	exec-3d32fbc6-c876-4cfc-a546-6d9f09527388	/Users/alex/.codex/generated_images/01a0e773-8697-7aa3-8650-453666097a55/exec-3d32fbc6-c876-4cfc-a546-6d9f09527388.png	assets/slides/slide-24.png	59492e1b3faf9e1eaab596b7420e65b9975bb7a9fc62fe6907584d37e72af7f3	source/prompts/slide-24.md	original et OCR	accept	Correction de couverture : la règle 119 n'est pas revendiquée.
